{
  "main": {
    "id": "d0f2f136835e5254",
    "type": "split",
    "children": [
      {
        "id": "721a86598ba99876",
        "type": "tabs",
        "children": [
          {
            "id": "db1ab0248f91b67d",
            "type": "leaf",
            "state": {
              "type": "markdown",
              "state": {
                "file": "Unusual volume of file sharing with external user..md",
                "mode": "source",
                "source": false
              }
            }
          }
        ]
      }
    ],
    "direction": "vertical"
  },
  "left": {
    "id": "1bd039b8cd5a20ae",
    "type": "split",
    "children": [
      {
        "id": "1c22f83457af350b",
        "type": "tabs",
        "children": [
          {
            "id": "74277da6711bed38",
            "type": "leaf",
            "state": {
              "type": "file-explorer",
              "state": {
                "sortOrder": "alphabetical"
              }
            }
          },
          {
            "id": "41d62f11a21b1c8f",
            "type": "leaf",
            "state": {
              "type": "search",
              "state": {
                "query": "bafc1446-1cc4-4f6d-ad76-1250b8c3b60c",
                "matchingCase": false,
                "explainSearch": false,
                "collapseAll": false,
                "extraContext": false,
                "sortOrder": "alphabetical"
              }
            }
          },
          {
            "id": "2060f40880d17b99",
            "type": "leaf",
            "state": {
              "type": "bookmarks",
              "state": {}
            }
          }
        ],
        "currentTab": 1
      }
    ],
    "direction": "horizontal",
    "width": 300
  },
  "right": {
    "id": "1e21052d78d805bf",
    "type": "split",
    "children": [
      {
        "id": "8f031f250dd1ee47",
        "type": "tabs",
        "children": [
          {
            "id": "efdf6bd98fe1db60",
            "type": "leaf",
            "state": {
              "type": "backlink",
              "state": {
                "file": "Unusual volume of file sharing with external user..md",
                "collapseAll": false,
                "extraContext": false,
                "sortOrder": "alphabetical",
                "showSearch": false,
                "searchQuery": "",
                "backlinkCollapsed": false,
                "unlinkedCollapsed": true
              }
            }
          },
          {
            "id": "901f06af99522c69",
            "type": "leaf",
            "state": {
              "type": "outgoing-link",
              "state": {
                "file": "Unusual volume of file sharing with external user..md",
                "linksCollapsed": false,
                "unlinkedCollapsed": true
              }
            }
          },
          {
            "id": "f6b95d2bf1b545bb",
            "type": "leaf",
            "state": {
              "type": "tag",
              "state": {
                "sortOrder": "frequency",
                "useHierarchy": true
              }
            }
          },
          {
            "id": "6b67b35fab9d3925",
            "type": "leaf",
            "state": {
              "type": "outline",
              "state": {
                "file": "Unusual volume of file sharing with external user..md"
              }
            }
          },
          {
            "id": "4edf1eb8e17af024",
            "type": "leaf",
            "state": {
              "type": "all-properties",
              "state": {
                "sortOrder": "frequency",
                "showSearch": false,
                "searchQuery": ""
              }
            }
          }
        ]
      }
    ],
    "direction": "horizontal",
    "width": 300,
    "collapsed": true
  },
  "left-ribbon": {
    "hiddenItems": {
      "switcher:Open quick switcher": false,
      "graph:Open graph view": false,
      "canvas:Create new canvas": false,
      "daily-notes:Open today's daily note": false,
      "templates:Insert template": false,
      "command-palette:Open command palette": false,
      "templater-obsidian:Templater": false
    }
  },
  "active": "db1ab0248f91b67d",
  "lastOpenFiles": [
    "Alerts related to Log4j vulnerability.md",
    "Activity from terminated employees after their termination date .md",
    "AcroRd-Exploits.md",
    "Account brute force.md",
    "Accessibility Features.md",
    "Abusing settingcontent-ms.md",
    "Active Directory Account lockout and unlocks.md",
    "Anomalous connection from highly privileged user.md",
    "Anomalous Data Access.md",
    "ApexOne - Behavior monitoring actions by files.md",
    "Apache - Top URLs with client errors.md",
    "Apache - Rare user agents with client errors.md",
    "Active Directory Sensitive Group Modifications.md",
    "Account MFA Modifications.md",
    "Anomalous action performed in tenant by privileged user.md",
    "Account brute force (1).md",
    "Account Added to Privileged PIM Group.md",
    "Abuse.ch Recent Threat Feed.md",
    "alt-data-streams.md"
  ]
}