{
  "editor:add-cursor-above": [
    {
      "modifiers": [
        "Alt",
        "Shift"
      ],
      "key": "ArrowUp"
    }
  ],
  "editor:add-cursor-below": [
    {
      "modifiers": [
        "Alt",
        "Shift"
      ],
      "key": "ArrowDown"
    }
  ],
  "markdown:edit-metadata-property": [
    {
      "modifiers": [
        "Alt",
        "Mod"
      ],
      "key": "E"
    }
  ],
  "app:go-back": [
    {
      "modifiers": [
        "Alt"
      ],
      "key": "ArrowLeft"
    }
  ],
  "app:go-forward": [
    {
      "modifiers": [
        "Alt"
      ],
      "key": "ArrowRight"
    }
  ],
  "editor:swap-line-down": [
    {
      "modifiers": [
        "Alt"
      ],
      "key": "ArrowDown"
    }
  ],
  "editor:swap-line-up": [
    {
      "modifiers": [
        "Alt"
      ],
      "key": "ArrowUp"
    }
  ],
  "workspace:split-vertical": [
    {
      "modifiers": [
        "Mod",
        "Shift"
      ],
      "key": "E"
    }
  ],
  "workspace:split-horizontal": [
    {
      "modifiers": [
        "Mod",
        "Shift"
      ],
      "key": "O"
    }
  ]
}