{
  "main": {
    "id": "d0f2f136835e5254",
    "type": "split",
    "children": [
      {
        "id": "eb9a6121ee678d78",
        "type": "tabs",
        "children": [
          {
            "id": "5c66b13f51f47255",
            "type": "leaf",
            "state": {
              "type": "markdown",
              "state": {
                "file": "Dataview Control.md",
                "mode": "source",
                "source": false
              }
            }
          },
          {
            "id": "db1ab0248f91b67d",
            "type": "leaf",
            "state": {
              "type": "markdown",
              "state": {
                "file": "HOME.md",
                "mode": "source",
                "source": false
              }
            }
          },
          {
            "id": "709f4e9fdd036745",
            "type": "leaf",
            "state": {
              "type": "markdown",
              "state": {
                "file": "Scratchpad.md",
                "mode": "source",
                "source": false
              }
            }
          }
        ],
        "currentTab": 1
      }
    ],
    "direction": "vertical"
  },
  "left": {
    "id": "1bd039b8cd5a20ae",
    "type": "split",
    "children": [
      {
        "id": "1c22f83457af350b",
        "type": "tabs",
        "children": [
          {
            "id": "74277da6711bed38",
            "type": "leaf",
            "state": {
              "type": "file-explorer",
              "state": {
                "sortOrder": "alphabetical"
              }
            }
          },
          {
            "id": "41d62f11a21b1c8f",
            "type": "leaf",
            "state": {
              "type": "search",
              "state": {
                "query": "[\"metadata\"]",
                "matchingCase": false,
                "explainSearch": false,
                "collapseAll": false,
                "extraContext": false,
                "sortOrder": "alphabetical"
              }
            }
          },
          {
            "id": "2060f40880d17b99",
            "type": "leaf",
            "state": {
              "type": "bookmarks",
              "state": {}
            }
          }
        ]
      }
    ],
    "direction": "horizontal",
    "width": 300,
    "collapsed": true
  },
  "right": {
    "id": "1e21052d78d805bf",
    "type": "split",
    "children": [
      {
        "id": "8f031f250dd1ee47",
        "type": "tabs",
        "children": [
          {
            "id": "efdf6bd98fe1db60",
            "type": "leaf",
            "state": {
              "type": "backlink",
              "state": {
                "file": "HOME.md",
                "collapseAll": false,
                "extraContext": false,
                "sortOrder": "alphabetical",
                "showSearch": false,
                "searchQuery": "",
                "backlinkCollapsed": false,
                "unlinkedCollapsed": true
              }
            }
          },
          {
            "id": "901f06af99522c69",
            "type": "leaf",
            "state": {
              "type": "outgoing-link",
              "state": {
                "file": "HOME.md",
                "linksCollapsed": false,
                "unlinkedCollapsed": true
              }
            }
          },
          {
            "id": "f6b95d2bf1b545bb",
            "type": "leaf",
            "state": {
              "type": "tag",
              "state": {
                "sortOrder": "frequency",
                "useHierarchy": true
              }
            }
          },
          {
            "id": "6b67b35fab9d3925",
            "type": "leaf",
            "state": {
              "type": "outline",
              "state": {
                "file": "HOME.md"
              }
            }
          },
          {
            "id": "4edf1eb8e17af024",
            "type": "leaf",
            "state": {
              "type": "all-properties",
              "state": {
                "sortOrder": "frequency",
                "showSearch": false,
                "searchQuery": ""
              }
            }
          }
        ],
        "currentTab": 3
      }
    ],
    "direction": "horizontal",
    "width": 300,
    "collapsed": true
  },
  "left-ribbon": {
    "hiddenItems": {
      "switcher:Open quick switcher": false,
      "graph:Open graph view": false,
      "canvas:Create new canvas": false,
      "daily-notes:Open today's daily note": false,
      "templates:Insert template": false,
      "command-palette:Open command palette": false,
      "templater-obsidian:Templater": false
    }
  },
  "active": "db1ab0248f91b67d",
  "lastOpenFiles": [
    "Scratchpad.md",
    "HOME.md",
    "Dataview Control.md",
    "attachments/mitreattack-python-v14-all-tactics-techniques.csv",
    "attachments/mitreattack-python-v14-datasources.csv",
    "attachments/mitreattack-python-v14-midigations.csv",
    "attachments/mitreattack-python-v14-campaigns.csv",
    "attachments/mitreattack-python-v14-groups.csv",
    "attachments/mitreattack-python-v14-software.csv",
    "attachments/mitreattack-python-v14-tactics.csv",
    "attachments/mitreattack-python-v14-techniques.csv",
    "attachments/cti-enterprise-attack.json",
    "attachments/attack14.1-enterprise-techniques-names.json",
    "Anomalous sign-in location by user account and authenticating application.md",
    "Alerts related to File.md",
    "Account Added to Privileged PIM Group.md",
    "Unusual volume of file deletion by user..md",
    "Anomalous Microsoft Entra ID apps based on authentication location.md",
    "ADFSDomainTrustMods(Nobelium).md",
    "Query data volume anomolies.md",
    "'(Anomaly) Anomalous Increase in DNS activity by clients (ASIM DNS Solution)'.md",
    "Detect threat information in web requests (ASIM Web Session).md",
    "Admin privilege granted (Okta).md",
    "New ServicePrincipal running queries.md",
    "GitHub Repo Clone - Time Series Anomly.md",
    "Crash dump disabled on host (ASIM Version).md",
    "Consent to Application discovery.md",
    "Anomalous sign-in location by user account and authenticating application - with sign-in details.md",
    "Active Directory Sensitive Group Modifications.md",
    "Active Directory Account lockout and unlocks.md",
    "Abnormally long DNS URI queries.md",
    "7-zip-prep-for-exfiltration.md",
    "Abnormally Large JPEG Filed Downloaded from New Source.md",
    "Anomalous Azure Operation Hunting Model.md",
    "Detect Kali Linux UserAgent (ASIM Web Session).md",
    "CredentialsAddAfterAdminConsentedToApp(Nobelium).md"
  ]
}